dealno,north,nhcp,south,shcp,par,ns,nh,nd,nc,np,ss,sh,sd,sc,sp,bid1,bid2,bid3,bid4,bid5,bid6,result,imp
218003, n KJT64.AK.6.AQJ92 ,18,s .962.AJ953.KT865 ,8,1400,5,2,1,5,18,0,3,5,5,8,5♣,7♣,Pass,no,no,no,1440,1
218004, n QT8652.AK6.A64.T ,13,s 4.QJ9743.53.KQ75 ,8,140,6,3,3,1,13,1,6,2,4,8,2♥,Pass,no,no,no,no,140,0
218005, n AT865.A8.A63.AQ8 ,18,s J7.T43.KQJ984.K7 ,10,920,5,2,3,3,18,2,3,6,2,10,3♥,6♦,Pass,no,no,no,920,0
218006, n AK754.Q72.AJT.97 ,14,s T6.T3.KQ543.AQT3 ,11,130,5,3,3,2,14,2,2,5,4,11,Pass,no,no,no,no,no,120,0
218007, n AK865.KT9.863.A9 ,14,s 2.Q73.AQJT54.T75 ,9,400,5,3,3,2,14,1,3,6,3,9,3N,Pass,no,no,no,no,400,0
218008, n AJ865.96.A2.KT98 ,12,s 4.QJT.JT7654.AJ2 ,9,130,5,2,2,4,12,1,3,6,3,9,2♦,Pass,no,no,no,no,130,0
218009, n AK632.A853.A9.54 ,15,s J7.Q7.QJ865.KQ73 ,11,140,5,4,2,2,15,2,2,5,4,11,2♠,Pass,no,no,no,no,140,0
218010, n KQ9743.AQJ.AQ6.2 ,18,s T.T87.J9543.AKQJ ,11,430,6,3,3,1,18,1,3,5,4,11,3N,Pass,no,no,no,no,430,0
218011, n QJ983.Q6.Q97.AK8 ,14,s 6.J9872.AJ82.QJ5 ,9,120,5,2,3,3,14,1,5,4,3,9,Pass,no,no,no,no,no,120,0
218012, n AT862.AJ54.QJ7.9 ,12,s 5.T83.654.AKJ765 ,8,100,5,4,3,1,12,1,3,3,6,8,Pass,no,no,no,no,no,90,0
218013, n KQT9542.AQ..A964 ,15,s 3.KJ53.KJT92.JT8 ,9,450,7,2,0,4,15,1,4,5,3,9,4♠,Pass,no,no,no,no,450,0
218014, n AK765.KQT.QT74.2 ,14,s T4.A97.9.AQJ8653 ,11,430,5,3,4,1,14,2,3,1,7,11,3N,Pass,no,no,no,no,430,0
218015, n AQT854.KQ32.T8.J ,12,s 63.764.QJ7653.KQ ,8,-130,6,4,2,1,12,2,3,6,2,8,2♠,Pass,no,no,no,no,-50,2
218016, n AK965.J9432.AT.A ,16,s Q3.7.KJ84.KQT932 ,11,400,5,5,2,1,16,2,1,4,6,11,3N,Pass,no,no,no,no,400,0
218017, n A8643.Q9.AQ975.8 ,12,s 97.J7.KJT42.K653 ,8,-450,5,2,5,1,12,2,2,5,4,8,3♦,Pass,no,no,no,no,110,11
218018, n KQT942.QT.K94.AQ ,16,s 5.752.AQJ32.K942 ,10,140,6,2,3,2,16,1,3,5,4,10,2♠,Pass,no,no,no,no,140,0
218019, n KQ843.A.A74.T872 ,13,s 2.KJT853.QT.KQ95 ,11,140,5,1,3,4,13,1,6,2,4,11,2♣,Pass,no,no,no,no,130,0
218020, n AKQJ2.AJ.T76.A92 ,19,s 9.K86.KJ83.JT865 ,8,460,5,2,3,3,19,1,3,4,5,8,3N,Pass,no,no,no,no,460,0
218021, n KQT76.T32.K.AJ62 ,13,s 42.86.AQT532.K95 ,9,420,5,3,1,4,13,2,2,6,3,9,4♠,Pass,no,no,no,no,420,0
218022, n AKJ875.Q8.AKQ8.4 ,19,s .A963.732.AQT765 ,10,920,6,2,4,1,19,0,4,3,6,10,3♦,6♣,Pass,no,no,no,920,0
218023, n KQ832..A43.KQ743 ,14,s 97.A843.K8762.J2 ,8,420,5,0,3,5,14,2,4,5,2,8,4♠,Pass,no,no,no,no,420,0
218024, n AKQ76.AT3.AQ2.Q8 ,21,s 94.KQ85.J93.KT72 ,9,990,5,3,3,2,21,2,4,3,4,9,4♣,6N,Pass,no,no,no,990,0
218025, n AKQ986.Q852.Q93. ,13,s J4.AKJ9.2.Q98732 ,11,980,6,4,3,0,13,2,4,1,6,11,4♥,6♥,Pass,no,no,no,980,0
218026, n AKJ64.AK4.86.A92 ,19,s 9.975.A975.KQJ85 ,10,430,5,3,2,3,19,1,3,4,5,10,3N,Pass,no,no,no,no,430,0
218027, n KQJT64.K8.54.QJ8 ,12,s 7.AJT53.T983.A64 ,9,140,6,2,2,3,12,1,5,4,3,9,2♠,Pass,no,no,no,no,110,-1
218028, n AKT62.2.KQ93.Q65 ,14,s Q.Q6.AT765.97432 ,8,130,5,1,4,3,14,1,2,5,5,8,2♣,Pass,no,no,no,no,130,0
218029, n A8765.A4.843.AT6 ,12,s QT.KJ86.J9.KJ832 ,11,400,5,2,3,3,12,2,4,2,5,11,5♣,Pass,no,no,no,no,400,0
218030, n AKQ86.KJ5.J62.A9 ,18,s J5.QT732.Q.KQT85 ,10,450,5,3,3,2,18,2,5,1,5,10,4♥,Pass,no,no,no,no,450,0
218031, n AKT952.A82.K8.95 ,14,s 4.KQ97543.9.QJ32 ,8,300,6,3,2,2,14,1,7,1,4,8,3N,Pass,no,no,no,no,430,4
218032, n T8765.K9.K.KQJ62 ,12,s QJ.A2.AT8742.874 ,11,100,5,2,1,5,12,2,2,6,3,11,Pass,no,no,no,no,no,120,1
218033, n KQ986.KT43..AKJ2 ,16,s 74.A.KQJ972.8764 ,10,130,5,4,0,4,16,2,1,6,4,10,Pass,no,no,no,no,no,120,0
218034, n AK752.AT9.32.J32 ,12,s J4.Q762.AJT.KT75 ,11,400,5,3,2,3,12,2,4,3,4,11,3N,Pass,no,no,no,no,400,0
218035, n AKQT7.QJ9.K7.A43 ,19,s 83.AK64.AT986.T6 ,11,450,5,3,2,3,19,2,4,5,2,11,4♠,Pass,no,no,no,no,450,0
218036, n QT9864.K42.A8.K2 ,12,s 5.T97.KQJ9.AJT97 ,11,400,6,3,2,2,12,1,3,4,5,11,3N,Pass,no,no,no,no,400,0
218037, n A97542.94.A76.A4 ,12,s .AQJ632.5.KJ9652 ,11,1520,6,2,3,2,12,0,6,1,6,11,4♠,7♥,Pass,no,no,no,1510,0
218038, n K87653.A.92.KQ96 ,12,s AQ.7642.Q864.J72 ,9,-300,6,1,2,4,12,2,4,4,3,9,2♠,Pass,no,no,no,no,110,9
218039, n AQT54.53.AT62.A7 ,14,s J.AJ42.K9.QT6532 ,11,400,5,2,4,2,14,1,4,2,6,11,2♣,2♠,Pass,no,no,no,140,-6
218040, n AQ965.AK.JT6.T97 ,14,s .753.KQ84.AQ6543 ,11,460,5,2,3,3,14,0,3,4,6,11,3N,Pass,no,no,no,no,460,0
218041, n AQJ64.AJ.J974.52 ,13,s T.K9865.653.KQ86 ,8,110,5,2,4,2,13,1,5,3,4,8,2♥,Pass,no,no,no,no,110,0
218042, n AJT9754..AQJ75.Q ,14,s 82.J98764.2.AKT9 ,8,980,7,0,5,1,14,2,6,1,4,8,3N,6♠,Pass,no,no,no,980,0
218043, n AKQJ4..J973.J654 ,12,s 5.Q543.KQ86.Q932 ,9,100,5,0,4,4,12,1,4,4,4,9,2♣,Pass,no,no,no,no,110,0
218044, n KJ9732.KQ.Q5.A87 ,15,s T6.A854.AT983.T9 ,8,140,6,2,2,3,15,2,4,5,2,8,2♠,Pass,no,no,no,no,140,0
218045, n AKQ9752.64.T.KQ5 ,14,s T3.QJT2.753.AJT4 ,8,420,7,2,1,3,14,2,4,3,4,8,4♠,Pass,no,no,no,no,420,0
218046, n AK853.AJ.A7.J985 ,17,s 6.KQT65.QT3.K642 ,10,430,5,2,2,4,17,1,5,3,4,10,3N,Pass,no,no,no,no,430,0
218047, n AK8753.AQ7.Q5.83 ,15,s 64.KJT984.A.J954 ,9,420,6,3,2,2,15,2,6,1,4,9,4♥,Pass,no,no,no,no,420,0
218048, n AQ982.KJ75.K97.7 ,13,s K5..QT62.KJ85432 ,9,300,5,4,3,1,13,2,0,4,7,9,3N,Pass,no,no,no,no,400,3
218049, n KT975.93.Q54.AK8 ,12,s Q.QJ52.AJ32.J743 ,11,400,5,2,3,3,12,1,4,4,4,11,3N,Pass,no,no,no,no,400,0
218050, n KQJT92.A.KQJ86.9 ,16,s 6.KJT72.A943.T86 ,8,420,6,1,5,1,16,1,5,4,3,8,4♠,Pass,no,no,no,no,420,0
218051, n AKQ953.AK.T986.A ,20,s 42.J8654.K43.KJ7 ,8,460,6,2,4,1,20,2,5,3,3,8,3N,Pass,no,no,no,no,460,0
218052, n QT9754..AKJT9.A7 ,14,s .AK542.Q74.J9863 ,10,130,6,0,5,2,14,0,5,3,5,10,Pass,no,no,no,no,no,120,0
218053, n AJ943.Q7.AQT42.T ,13,s KT.AJ85.75.K9872 ,11,420,5,2,5,1,13,2,4,2,5,11,4♠,Pass,no,no,no,no,420,0
218054, n AQ965.A7.Q2.AK62 ,19,s K4.KJ3.KJ3.T9843 ,11,460,5,2,2,4,19,2,3,3,5,11,3N,Pass,no,no,no,no,460,0
218055, n AQT86.QT9.Q.AQ73 ,16,s 73.A875.A963.K65 ,11,430,5,3,1,4,16,2,4,4,3,11,4♠,Pass,no,no,no,no,420,0
218056, n QJT972.A.KQ.A874 ,16,s K8.T54.9543.KQT5 ,8,450,6,1,2,4,16,2,3,4,4,8,4♠,Pass,no,no,no,no,450,0
218057, n AK753.AQ54..AJ74 ,18,s 6.KT92.KJ98.KT65 ,10,980,5,4,0,4,18,1,4,4,4,10,4♥,6♥,Pass,no,no,no,980,0
218058, n AQ9832.KT75.AQ.9 ,15,s .AJ86.KJ753.Q764 ,11,450,6,4,2,1,15,0,4,5,4,11,4♥,Pass,no,no,no,no,420,-1
218059, n K8532.AJ.K94.AQ2 ,17,s QJ.Q865.T5.KT964 ,8,420,5,2,3,3,17,2,4,2,5,8,4♠,Pass,no,no,no,no,420,0
218060, n AKQ82.AK5.986.75 ,16,s 9.QJ98.KQJ2.T964 ,9,420,5,3,3,2,16,1,4,4,4,9,4♥,Pass,no,no,no,no,420,0
218061, n AJ764.AQ96.876.J ,12,s 92.KJT853.AT.T86 ,8,100,5,4,3,1,12,2,6,2,3,8,4♥,Pass,no,no,no,no,420,8
218062, n AKJ973.KT3.J5.K4 ,15,s 62..KT84.AJT9873 ,8,980,6,3,2,2,15,2,0,4,7,8,4♠,6♠,Pass,no,no,no,980,0
218063, n KQJ852.AJ5.75.JT ,12,s 4.T984.9632.AKQ2 ,9,80,6,3,2,2,12,1,4,4,4,9,Pass,no,no,no,no,no,-50,-4
218064, n KT962.AQ9742.KJ. ,13,s Q4.K6.A97642.JT4 ,10,980,5,6,2,0,13,2,2,6,3,10,4♥,6♥,Pass,no,no,no,980,0
218065, n KQ9432.KQJ.J94.T ,12,s 8.AT765.K2.K9752 ,10,140,6,3,3,1,12,1,5,2,5,10,2♥,Pass,no,no,no,no,140,0
218066, n KJT765..A6.AQ843 ,14,s 92.QJ8743.QJ9.KT ,9,420,6,0,2,5,14,2,6,3,2,9,4♠,Pass,no,no,no,no,420,0
218067, n AT865.742.AK9.J3 ,12,s Q.QT9653.432.AT5 ,8,140,5,3,3,2,12,1,6,3,3,8,3♥,Pass,no,no,no,no,140,0
218068, n Q8543.A6.AQJ.K92 ,16,s AJ.T52.742.AJ854 ,10,920,5,2,3,3,16,2,3,3,5,10,3♦,6♣,Pass,no,no,no,920,0
218069, n AKJ872.64.T5.A87 ,12,s 4.AJ9872.62.K532 ,8,-100,6,2,2,3,12,1,6,2,4,8,Pass,no,no,no,no,no,120,6
218070, n KJ543.AK5.42.Q93 ,13,s 97.6432.KQJ9.AJ2 ,11,120,5,3,2,3,13,2,4,4,3,11,Pass,no,no,no,no,no,120,0
218071, n KQJT42.2.AT83.A5 ,14,s 96.KQJ6.Q765.984 ,8,140,6,1,4,2,14,2,4,4,3,8,2♠,Pass,no,no,no,no,140,0
218072, n AQJT74.KQ2.J5.53 ,13,s 5.5.K9843.AQJT64 ,10,-140,6,3,2,2,13,1,1,5,6,10,Pass,no,no,no,no,no,90,6
218073, n KT654.A6.AKQ7.53 ,16,s J9.K2.J65.AQT982 ,11,460,5,2,4,2,16,2,2,3,6,11,3N,Pass,no,no,no,no,460,0
218074, n T9643.J98.A.AKT9 ,12,s AJ.K753.42.J8742 ,9,100,5,3,1,4,12,2,4,2,5,9,2♣,Pass,no,no,no,no,130,1
218075, n AKT52.A732.6.A83 ,15,s Q3.T865.AK7.Q976 ,11,450,5,4,1,3,15,2,4,3,4,11,4♥,Pass,no,no,no,no,450,0
218076, n KJT43.754.A8.A82 ,12,s 5.AQJ6.T7532.QT7 ,9,80,5,3,2,3,12,1,4,5,3,9,Pass,no,no,no,no,no,-50,-4
218077, n AKQ42.Q.QT5.AJT8 ,18,s T5.AKT94.K763.97 ,10,460,5,1,3,4,18,2,5,4,2,10,3N,Pass,no,no,no,no,460,0
218078, n A8652.865.A3.AK9 ,15,s JT.K74.KQ87.T764 ,9,110,5,3,2,3,15,2,3,4,4,9,2♠,Pass,no,no,no,no,110,0
218079, n K9874.J.A9875.AQ ,14,s A6.QT2.Q42.T9752 ,8,-100,5,1,5,2,14,2,3,3,5,8,Pass,no,no,no,no,no,90,5
218080, n AQT865.J72.AQ5.8 ,13,s K2.AKT654.763.T2 ,10,100,6,3,3,1,13,2,6,3,2,10,4♥,Pass,no,no,no,no,420,8
218081, n AKT86.954.JT.AQ2 ,14,s J5.KJT3.K63.JT93 ,9,100,5,3,2,3,14,2,4,3,4,9,Pass,no,no,no,no,no,90,0
218082, n AKQ65.QJ84.T53.7 ,12,s T2.KT75.AQ74.T32 ,9,420,5,4,3,1,12,2,4,4,3,9,4♥,Pass,no,no,no,no,420,0
218083, n AQ9763.J6.AT92.Q ,13,s J2.KT5.J84.A8653 ,9,420,6,2,4,1,13,2,3,3,5,9,4♠,Pass,no,no,no,no,420,0
218084, n AJ985.64.2.AKJ83 ,13,s T4.KJ832.KQ43.T5 ,9,110,5,2,1,5,13,2,5,4,2,9,2♠,Pass,no,no,no,no,110,0
218085, n KQT82.KJ85.T96.A ,13,s 7.T764.AQ5.QT932 ,8,140,5,4,3,1,13,1,4,3,5,8,2♥,Pass,no,no,no,no,140,0
218086, n AJT53.75.Q6.KQ73 ,12,s 64.KJT8.A8742.J9 ,9,120,5,2,2,4,12,2,4,5,2,9,Pass,no,no,no,no,no,120,0
218087, n AKT65.A.T72.QJ53 ,14,s QJ.4.AJ964.98764 ,8,420,5,1,3,4,14,2,1,5,5,8,4♠,Pass,no,no,no,no,420,0
218088, n AJ742.A98.K97.A5 ,16,s Q3.K762.T8543.K2 ,8,110,5,3,3,2,16,2,4,5,2,8,Pass,no,no,no,no,no,120,0
218089, n K97432.Q6.K.KQ74 ,13,s Q5.83.AQ9854.953 ,8,-100,6,2,1,4,13,2,2,6,3,8,2♦,Pass,no,no,no,no,90,5
218090, n AKJ43.Q7.87.AJ65 ,15,s 65.A432.AJ95432. ,9,420,5,2,2,4,15,2,4,7,0,9,4♠,Pass,no,no,no,no,420,0
218091, n KQT853.84.AJ6.AT ,14,s A4.J7632.KT87.J6 ,9,450,6,2,3,2,14,2,5,4,2,9,4♠,Pass,no,no,no,no,450,0
218092, n AQ875.T74.Q2.AJ3 ,13,s 6.J6.K94.KQT9754 ,9,130,5,3,2,3,13,1,2,3,7,9,2♣,Pass,no,no,no,no,130,0
218093, n KJ7542.AT2.A6.AJ ,17,s T3.Q98.KQ9853.K8 ,10,140,6,3,2,2,17,2,3,6,2,10,2♦,Pass,no,no,no,no,130,0
218094, n AQ943.K97542.K.J ,13,s J.A63.QT6543.K72 ,10,420,5,6,1,1,13,1,3,6,3,10,4♥,Pass,no,no,no,no,420,0
218095, n AT954.A2.AKQJT7. ,18,s 2.KQ973.964.KQ64 ,10,1440,5,2,6,0,18,1,5,3,4,10,4♥,7♦,Pass,no,no,no,1440,0
218096, n KQ965.K7.AKQJ4.3 ,18,s A4.QT32.986.Q865 ,8,420,5,2,5,1,18,2,4,3,4,8,4♠,Pass,no,no,no,no,420,0
218097, n K8763.T53.A7.AJ5 ,12,s 5.AKJ8.J6542.764 ,9,-90,5,3,2,3,12,1,4,5,3,9,Pass,no,no,no,no,no,-50,1
218098, n AQJ42.J62.JT.K43 ,12,s K.KT74.K94.JT762 ,10,100,5,3,2,3,12,1,4,3,5,10,Pass,no,no,no,no,no,-50,-4
218099, n AKJ9742.KQ.Q3.T2 ,15,s Q3.AJ8765.T87.A7 ,11,450,7,2,2,2,15,2,6,3,2,11,4♠,Pass,no,no,no,no,450,0
218100, n AKQ762.643.Q92.J ,12,s .K982.AJ753.KT98 ,11,120,6,3,3,1,12,0,4,5,4,11,Pass,no,no,no,no,no,90,-1
218101, n A7542.KQ8.6.KQ83 ,14,s 8.A65.AT842.J952 ,9,130,5,3,1,4,14,1,3,5,4,9,Pass,no,no,no,no,no,120,0
218102, n AQJ983.AT9.93.J2 ,12,s 6.K862.KJT4.A743 ,11,420,6,3,2,2,12,1,4,4,4,11,4♠,Pass,no,no,no,no,420,0
218103, n AQ654.A.Q6432.65 ,12,s K2.QT7543.J.QJT8 ,9,110,5,1,5,2,12,2,6,1,4,9,2♥,Pass,no,no,no,no,110,0
218104, n AKQT32.A4.98.862 ,13,s 95.T72.QJ32.AK43 ,10,300,6,2,2,3,13,2,3,4,4,10,3N,Pass,no,no,no,no,400,3
218105, n AKJ984.K.KT542.7 ,14,s T.Q873.QJ8.AJ643 ,10,420,6,1,5,1,14,1,4,3,5,10,4♠,Pass,no,no,no,no,420,0
218106, n KQ976.KJ.K3.7643 ,12,s J5.T97532.A.KJT8 ,9,-100,5,2,2,4,12,2,6,1,4,9,2♠,Pass,no,no,no,no,110,5
218107, n AKQT9542.Q..Q763 ,13,s 73.A743.KJT72.54 ,8,-100,8,1,0,4,13,2,4,5,2,8,2♠,Pass,no,no,no,no,140,6
218108, n K9875.AQ83.Q5.K2 ,14,s 63.JT97.A763.AT9 ,9,420,5,4,2,2,14,2,4,4,3,9,4♥,Pass,no,no,no,no,420,0
218109, n KQ762.AQ.K6.KT52 ,17,s 9.KJ53.AQT82.864 ,10,430,5,2,2,4,17,1,4,5,3,10,3N,Pass,no,no,no,no,430,0
218110, n KQ985.8.KQ2.AJ92 ,15,s J2.AKJ7642.7.853 ,9,140,5,1,3,4,15,2,7,1,3,9,2♥,Pass,no,no,no,no,140,0
218111, n KJ732.42.KQ7.KJ2 ,13,s A6.87.A8643.Q963 ,10,130,5,2,3,3,13,2,2,5,4,10,2♦,Pass,no,no,no,no,130,0
218112, n K7543.AK432.A6.A ,18,s A.T76.K75.QT9652 ,9,450,5,5,2,1,18,1,3,3,6,9,4♠,Pass,no,no,no,no,450,0
218113, n AKJT76.KJ9.54.95 ,12,s 95.Q84.AJ32.Q643 ,9,140,6,3,2,2,12,2,3,4,4,9,2♠,Pass,no,no,no,no,140,0
218114, n AQJT53.AJT653.8. ,12,s 82.KQ2.72.K87532 ,8,300,6,6,1,0,12,2,3,2,6,8,4♥,Pass,no,no,no,no,450,4
218115, n AKQT6.J864.K.KQ4 ,18,s 84.T32.AT85.AT32 ,8,430,5,4,1,3,18,2,3,4,4,8,3N,Pass,no,no,no,no,430,0
218116, n AKQJ9753..A2.T93 ,14,s 62.KT95.QJ87.K84 ,9,420,8,0,2,3,14,2,4,4,3,9,3N,Pass,no,no,no,no,400,-1
218117, n Q9754.Q.AKT.K972 ,14,s 6.A982.J9743.A65 ,9,110,5,1,3,4,14,1,4,5,3,9,2♦,Pass,no,no,no,no,110,0
218118, n AKQJ853.K.82.T73 ,13,s 96.T98.AKJT743.8 ,8,300,7,1,2,3,13,2,3,7,1,8,4♠,Pass,no,no,no,no,450,4
218119, n AKT976..K87.QT87 ,12,s Q.JT954.JT92.A96 ,8,420,6,0,3,4,12,1,5,4,3,8,4♠,Pass,no,no,no,no,420,0
218120, n AKJ62.J874.K8.J8 ,13,s T3.Q5.QJ653.KT63 ,8,80,5,4,2,2,13,2,2,5,4,8,Pass,no,no,no,no,no,-50,-4
218121, n AQT864.KQ54.93.K ,14,s 75.AT876.A62.QJ7 ,11,100,6,4,2,1,14,2,5,3,3,11,Pass,no,no,no,no,no,120,1
218122, n KQJT43.KJ93.6.QJ ,13,s A5.T864.A92.T764 ,8,100,6,4,1,2,13,2,4,3,4,8,2♥,Pass,no,no,no,no,140,1
218123, n AK832.53.J.KQJ76 ,14,s .QJT76.A942.AT84 ,11,400,5,2,1,5,14,0,5,4,4,11,3N,Pass,no,no,no,no,400,0
218124, n AQ952.KJT9.K5.T5 ,13,s J3.Q632.J732.KJ3 ,8,100,5,4,2,2,13,2,4,4,3,8,Pass,no,no,no,no,no,90,0
218125, n QJ7642.A5.A853.K ,14,s AT.J62.QT74.J974 ,8,140,6,2,4,1,14,2,3,4,4,8,2♠,Pass,no,no,no,no,140,0
218126, n AKQ83.3.AK974.64 ,16,s 62.Q94.QT2.AK972 ,11,800,5,1,5,2,16,2,3,3,5,11,4♦,6♦,Pass,no,no,no,920,3
218127, n Q8642.A2.K3.A975 ,13,s 3.KQ863.T642.QJT ,8,90,5,2,2,4,13,1,5,4,3,8,Pass,no,no,no,no,no,90,0
218128, n AKJ962.A.976.A85 ,16,s 5.T943.AQ54.KT64 ,9,430,6,1,3,3,16,1,4,4,4,9,3N,Pass,no,no,no,no,430,0
218129, n AKJ43.86.J954.A7 ,13,s Q9.AKT43.876.Q96 ,11,120,5,2,4,2,13,2,5,3,3,11,Pass,no,no,no,no,no,120,0
218130, n KQJ7543.94.A2.A2 ,14,s T.AT75.KQ65.T873 ,9,420,7,2,2,2,14,1,4,4,4,9,4♠,Pass,no,no,no,no,420,0
218131, n 97542.KQ.T5.AK98 ,12,s Q.J85.AQJ96.7543 ,10,130,5,2,2,4,12,1,3,5,4,10,2♣,Pass,no,no,no,no,110,-1
218132, n AQ7652.84.AQ7.93 ,12,s K3.Q732.9852.A75 ,9,-130,6,2,3,2,12,2,4,4,3,9,2♠,Pass,no,no,no,no,-50,2
218133, n QJ9652.AK76.QT.6 ,12,s .QJT532.A6.QT854 ,9,800,6,4,2,1,12,0,6,2,5,9,4♥,6♥,Pass,no,no,no,980,5
218134, n AKQ764.Q8.Q85.T8 ,13,s T2.763.AT92.AQ75 ,10,420,6,2,3,2,13,2,3,4,4,10,4♠,Pass,no,no,no,no,420,0
218135, n QJT874.KQ.9.AJ73 ,13,s K.A92.Q7653.QT65 ,11,450,6,2,1,4,13,1,3,5,4,11,4♠,Pass,no,no,no,no,450,0
218136, n KJ876.AJ652.A4.7 ,13,s Q.KT984.97.KQ863 ,10,300,5,5,2,1,13,1,5,2,5,10,4♥,Pass,no,no,no,no,420,3
218137, n AQT92.A2.QT7.KJ7 ,16,s 4.KT53.J982.AT53 ,8,400,5,2,3,3,16,1,4,4,4,8,3N,Pass,no,no,no,no,400,0
218138, n KT874.AKT9.65.A2 ,14,s A2.J8642.KQJ32.6 ,11,980,5,4,2,2,14,2,5,5,1,11,4♥,6♥,Pass,no,no,no,980,0
218139, n AKT953.J52.K6.KT ,14,s 7.AT986.Q983.A43 ,10,420,6,3,2,2,14,1,5,4,3,10,4♠,Pass,no,no,no,no,420,0
218140, n AKJ54.Q3.Q64.A82 ,16,s 98.KT.KT98.KT974 ,9,140,5,2,3,3,16,2,2,4,5,9,2♠,Pass,no,no,no,no,140,0
218141, n QJT732.A85.A52.Q ,13,s A6.QT9.KT8.J9753 ,10,140,6,3,3,1,13,2,3,3,5,10,2♠,Pass,no,no,no,no,140,0
218142, n AKJ97.K9.T953.J5 ,12,s 64.AQJT6.K72.732 ,10,420,5,2,4,2,12,2,5,3,3,10,4♠,Pass,no,no,no,no,420,0
218143, n QJ853.J.KJ6432.A ,12,s A9.9732.975.KJ85 ,8,140,5,1,6,1,12,2,4,3,4,8,2♦,Pass,no,no,no,no,130,0
218144, n AQT82.A8.QJ742.7 ,13,s 75.KJ94.93.KQT62 ,9,120,5,2,5,1,13,2,4,2,5,9,Pass,no,no,no,no,no,120,0
218145, n KJT865.2.AKQ4.62 ,13,s 9.AJT965.5.QJT98 ,8,110,6,1,4,2,13,1,6,1,5,8,2♠,Pass,no,no,no,no,110,0
218146, n AKQ963.5.KQ965.4 ,14,s 8.86.J87432.AK82 ,8,300,6,1,5,1,14,1,2,6,4,8,3♦,5♦,Pass,no,no,no,400,3
218147, n AKQT98.AQ5.5.975 ,15,s .J642.AK9432.J63 ,9,400,6,3,1,3,15,0,4,6,3,9,3N,Pass,no,no,no,no,400,0
218148, n AQT9632.96.K9.K6 ,12,s K4.QT.J3.AJT9874 ,11,100,7,2,2,2,12,2,2,2,7,11,4♠,Pass,no,no,no,no,420,8
218149, n QJ862.Q84.63.AK9 ,12,s A7.A7.QJT8542.87 ,11,100,5,3,2,3,12,2,2,7,2,11,Pass,no,no,no,no,no,90,0
218150, n KQ986.J8.AJ76.KJ ,15,s J5.A53.KT543.Q82 ,10,120,5,2,4,2,15,2,3,5,3,10,Pass,no,no,no,no,no,120,0
218151, n AQ943.AKJ87.85.7 ,14,s 5.Q95.QJ732.KQJ8 ,11,420,5,5,2,1,14,1,3,5,4,11,4♥,Pass,no,no,no,no,420,0
218152, n AK8743..T97.AQ84 ,13,s QJ.T2.KJ63.KT765 ,10,300,6,0,3,4,13,2,2,4,5,10,4♠,Pass,no,no,no,no,420,3
218153, n KQT432.KQJ7.QT.Q ,15,s 5.964.AKJ84.5432 ,8,100,6,4,2,1,15,1,3,5,4,8,2♠,Pass,no,no,no,no,110,0
218154, n AKQ97.842.KJ.T97 ,13,s T.JT963.A86.A862 ,9,140,5,3,2,3,13,1,5,3,4,9,3♥,Pass,no,no,no,no,140,0
218155, n QJT92.A952..AQ82 ,13,s 7.KJT743.A86.K76 ,11,800,5,4,0,4,13,1,6,3,3,11,4♥,6♥,Pass,no,no,no,980,5
218156, n AKT76543.T8.K2.Q ,12,s .AQJ6432.A64.875 ,11,450,8,2,2,1,12,0,7,3,3,11,4♥,Pass,no,no,no,no,450,0
218157, n AQJ32.73.KQ52.AT ,16,s .AQ.A97643.J9432 ,11,990,5,2,4,2,16,0,2,6,5,11,4N,6N,Pass,no,no,no,990,0
218158, n AK8632.AJ82.2.62 ,12,s 7.Q9.AJ984.QT873 ,9,400,6,4,1,2,12,1,2,5,5,9,3N,Pass,no,no,no,no,400,0
218159, n AKT964.A4.Q72.Q7 ,15,s Q3.J53.K965.KJT8 ,10,420,6,2,3,2,15,2,3,4,4,10,4♠,Pass,no,no,no,no,420,0
218160, n KT962.QJT5.A.QJ9 ,13,s AQ.K987643.T5.T2 ,9,420,5,4,1,3,13,2,7,2,2,9,4♠,Pass,no,no,no,no,420,0
218161, n AT752.Q.KJ7.QJ85 ,13,s Q.A9432.A986.T97 ,10,110,5,1,3,4,13,1,5,4,3,10,2♦,Pass,no,no,no,no,110,0
218162, n KQ6432.A72.KQ.73 ,14,s J8.K6.J987654.K6 ,8,-100,6,3,2,2,14,2,2,7,2,8,2♠,Pass,no,no,no,no,140,6
218163, n KQJT3.J.A3.AKT92 ,18,s A9.T832.K9865.J6 ,8,980,5,1,2,5,18,2,4,5,2,8,3N,6♠,Pass,no,no,no,980,0
218164, n Q8632.KJ8.J94.AQ ,13,s 54.AQT64.AT83.JT ,11,-130,5,3,3,2,13,2,5,4,2,11,Pass,no,no,no,no,no,90,6
218165, n QJT943.T63.A9.AJ ,12,s K.98542.K2.KQT84 ,11,100,6,3,2,2,12,1,5,2,5,11,3N,Pass,no,no,no,no,400,7
218166, n AKQ94.83.T9.AQJ2 ,16,s T5.QJ.AQJ43.9863 ,10,-100,5,2,2,4,16,2,2,5,4,10,Pass,no,no,no,no,no,90,5
218167, n QT532.Q43.A9.A85 ,12,s 87.KJT62.Q5.KQT4 ,11,100,5,3,2,3,12,2,5,2,4,11,2♥,Pass,no,no,no,no,140,1
218168, n KQ752.83.K86.AQJ ,15,s 8.65.AQJT932.K86 ,10,130,5,2,3,3,15,1,2,7,3,10,2♦,Pass,no,no,no,no,130,0
218169, n AK872.KT87.AJ9.T ,15,s 4.AQ965.832.K764 ,9,450,5,4,3,1,15,1,5,3,4,9,4♥,Pass,no,no,no,no,450,0
218170, n K96532.J63.AK8.Q ,13,s JT.KQ5.QJT9.9653 ,9,-100,6,3,3,1,13,2,3,4,4,9,2♠,Pass,no,no,no,no,140,6
218171, n AQJT5.A85.AJ84.3 ,16,s 62.64.K97.AQ9872 ,9,420,5,3,4,1,16,2,2,3,6,9,4♠,Pass,no,no,no,no,420,0
218172, n KQT864.KT2.AT7.A ,16,s .AQ973.J9642.K92 ,10,980,6,3,3,1,16,0,5,5,3,10,3♠,6♥,Pass,no,no,no,980,0
218173, n AJT6542.K73.5.AJ ,13,s 9.9862.KQ4.K8432 ,8,100,7,3,1,2,13,1,4,3,5,8,Pass,no,no,no,no,no,90,0
218174, n AJ754.3.QT9.AQT6 ,13,s 62.KQ74.3.KJ7543 ,9,100,5,1,3,4,13,2,4,1,6,9,Pass,no,no,no,no,no,120,1
218175, n AKQT8.97.42.K542 ,12,s 94.A63.AJ86.JT93 ,10,110,5,2,2,4,12,2,3,4,4,10,2♠,Pass,no,no,no,no,110,0
218176, n Q9872.KJ872.A7.K ,13,s K3.654.K8632.Q95 ,8,-400,5,5,2,1,13,2,3,5,3,8,2♥,Pass,no,no,no,no,-50,8
218177, n AKT32.T.J52.AQT5 ,14,s .Q95.AKQ96.97643 ,11,920,5,1,3,4,14,0,3,5,5,11,4♦,6♦,Pass,no,no,no,920,0
218178, n AQ942.AJ4.652.Q8 ,13,s T.KT865.KT87.K63 ,9,420,5,3,3,2,13,1,5,4,3,9,4♥,Pass,no,no,no,no,420,0
218179, n AKJ98752.52.A6.5 ,12,s 6.K764.KJ98.J863 ,8,100,8,2,2,1,12,1,4,4,4,8,4♠,Pass,no,no,no,no,420,8
218180, n AKT93.Q3.K82.K98 ,15,s J.AJT975.J63.Q75 ,9,140,5,2,3,3,15,1,6,3,3,9,2♠,Pass,no,no,no,no,140,0
218181, n KQ652.AK953.T6.7 ,12,s 84.2.AQ8.QJT9854 ,9,140,5,5,2,1,12,2,1,3,7,9,2♠,Pass,no,no,no,no,140,0
218182, n AQT8542.AT9.Q7.7 ,12,s .KQ8653.T983.AQ8 ,11,450,7,3,2,1,12,0,6,4,3,11,4♥,Pass,no,no,no,no,450,0
218183, n KJ652.Q.82.AK643 ,13,s 3.AK965.T.QJT987 ,10,300,5,1,2,5,13,1,5,1,6,10,5♣,Pass,no,no,no,no,400,3
218184, n AQJ97.T.QT3.AT94 ,13,s 8.AQ7432.A75.J87 ,11,420,5,1,3,4,13,1,6,3,3,11,4♥,Pass,no,no,no,no,420,0
218185, n KQT87.KQ..KQ6532 ,15,s 3.963.AKT5432.A9 ,11,450,5,2,0,6,15,1,3,7,2,11,4♠,Pass,no,no,no,no,450,0
218186, n AJT97.A94.7.AJT3 ,14,s 32.J62.AQJ54.862 ,8,90,5,3,1,4,14,2,3,5,3,8,Pass,no,no,no,no,no,90,0
218187, n AKQT92.J6.863.A8 ,14,s .K532.K975.Q7432 ,8,110,6,2,3,2,14,0,4,4,5,8,2♠,Pass,no,no,no,no,110,0
218188, n AK863.K.K532.T43 ,13,s T9.8.QT8764.AQJ7 ,9,400,5,1,4,3,13,2,1,6,4,9,2♥,5♦,Pass,no,no,no,400,0
218189, n AKQ96.J4.J92.Q73 ,13,s 74.Q862.K73.KT96 ,8,-90,5,2,3,3,13,2,4,3,4,8,Pass,no,no,no,no,no,-50,1
218190, n K9854.KQ962.QJ.Q ,13,s 6.84.AT6.AJ75432 ,9,120,5,5,2,1,13,1,2,3,7,9,Pass,no,no,no,no,no,120,0
218191, n AJ654.A.AKT.J764 ,17,s K3.JT98752..A953 ,8,420,5,1,3,4,17,2,7,0,4,8,4♥,Pass,no,no,no,no,420,0
218192, n KQJ42.A65.QJ.K86 ,16,s A5.K87.T8432.Q94 ,9,400,5,3,2,3,16,2,3,5,3,9,3N,Pass,no,no,no,no,400,0
218193, n T976432.Q9.AK.K5 ,12,s K8.AJT72.432.T73 ,8,-130,7,2,2,2,12,2,5,3,3,8,2♠,Pass,no,no,no,no,110,6
218194, n AK643.64.KQT84.8 ,12,s Q5.Q72.73.AK9762 ,11,140,5,2,5,1,12,2,3,2,6,11,2♠,Pass,no,no,no,no,140,0
218195, n AKQJ832.6.954.Q7 ,12,s T.K82.T732.AKJT8 ,11,140,7,1,3,2,12,1,3,4,5,11,2♠,Pass,no,no,no,no,140,0
218196, n KQJ98.A.Q76.AT87 ,16,s AT.9753.AJ83.954 ,9,430,5,1,3,4,16,2,4,4,3,9,4♠,Pass,no,no,no,no,420,0
218197, n A8753.J8.A8654.A ,13,s Q2.762.KT7.QJ652 ,8,140,5,2,5,1,13,2,3,3,5,8,2♠,Pass,no,no,no,no,140,0
218198, n AKQT3.KJ6.K96.Q4 ,18,s 97.A842.J.AJT985 ,10,990,5,3,3,2,18,2,4,1,6,10,4♣,6N,Pass,no,no,no,990,0
218199, n K9864.53.AKQ6.K7 ,15,s J.K87.2.AQJT9643 ,11,130,5,2,4,2,15,1,3,1,8,11,2♣,Pass,no,no,no,no,130,0
218200, n AKT652.A8.J7.A72 ,16,s J.T762.AQ932.JT3 ,8,430,6,2,2,3,16,1,4,5,3,8,4♠,Pass,no,no,no,no,420,0
218201, n KQJT82.A984.A4.K ,17,s 3.K6532.83.AJT83 ,8,450,6,4,2,1,17,1,5,2,5,8,4♥,Pass,no,no,no,no,450,0
218202, n AKJ83.J73.AT4.42 ,13,s 65.T54.KJ7653.A6 ,8,130,5,3,3,2,13,2,3,6,2,8,3N,Pass,no,no,no,no,400,7
218203, n AJ87652.6.KQJ6.K ,14,s KT.AK9.T7542.J95 ,11,300,7,1,4,1,14,2,3,5,3,11,2♥,5♦,Pass,no,no,no,400,3
218204, n KT9874.A.Q873.QJ ,12,s .K984.AT62.A8732 ,11,400,6,1,4,2,12,0,4,4,5,11,2♠,5♦,Pass,no,no,no,400,0
218205, n AJ986.AQ.5.Q9852 ,13,s Q4.9532.A643.AJ6 ,11,140,5,2,1,5,13,2,4,4,3,11,2♠,Pass,no,no,no,no,140,0
218206, n AJ975.T3.J62.AQT ,12,s T.KQJ7.KT9.J9864 ,10,110,5,2,3,3,12,1,4,3,5,10,2♣,Pass,no,no,no,no,110,0
218207, n AQJ8762.AK53.76. ,14,s K.QJ742.8.Q98532 ,8,980,7,4,2,0,14,1,5,1,6,8,4♥,6♥,Pass,no,no,no,980,0
218208, n KQJ93.QT62.8.AK7 ,15,s T5.A753.QJ76.J94 ,8,140,5,4,1,3,15,2,4,4,3,8,2♠,Pass,no,no,no,no,140,0
218209, n KQJ98.A9.874.AJ9 ,15,s 5.KQ7632.A962.Q7 ,11,430,5,2,3,3,15,1,6,4,2,11,3N,Pass,no,no,no,no,430,0
218210, n AQT52.QT42.KJ.J2 ,13,s J3.A97.872.AQ984 ,11,450,5,4,2,2,13,2,3,3,5,11,4♠,Pass,no,no,no,no,450,0
218211, n KQ7632.AJ.A4.J92 ,15,s T8.QT7.J86.KQ863 ,8,140,6,2,2,3,15,2,3,3,5,8,2♣,Pass,no,no,no,no,130,0
218212, n KJT64.KQ32.2.AJ9 ,14,s Q8.A9876.KT8.QT7 ,11,420,5,4,1,3,14,2,5,3,3,11,4♥,Pass,no,no,no,no,420,0
218213, n KQ952.A865.A7.74 ,13,s 76.72.KT842.AQ98 ,9,110,5,4,2,2,13,2,2,5,4,9,2♠,Pass,no,no,no,no,110,0
218214, n AK972.A6.QT7.QT7 ,15,s 64.75.AK954.A863 ,11,300,5,2,3,3,15,2,2,5,4,11,3N,Pass,no,no,no,no,400,3
218215, n AKQJ5.T.987.AT98 ,14,s T6.K953.A654.KJ6 ,11,460,5,1,3,4,14,2,4,4,3,11,4♠,Pass,no,no,no,no,420,-1
218216, n K7632.K87.AK2.J8 ,14,s T.Q542.JT965.KQ6 ,8,140,5,3,3,2,14,1,4,5,3,8,3♥,Pass,no,no,no,no,140,0
218217, n KJ643..AT843.AK9 ,15,s A5.T76543.K65.Q4 ,9,920,5,0,5,3,15,2,6,3,2,9,3♥,6♦,Pass,no,no,no,920,0
218218, n AKQ752.KQ92.4.T7 ,14,s J.A865.KT873.Q53 ,10,420,6,4,1,2,14,1,4,5,3,10,4♠,Pass,no,no,no,no,420,0
218219, n KQJT876.AQT.92.6 ,12,s A4.6542.5.AK8743 ,11,450,7,3,2,1,12,2,4,1,6,11,4♠,Pass,no,no,no,no,450,0
218220, n QT974.AT9.84.AK6 ,13,s .K7542.KQ62.Q753 ,10,420,5,3,2,3,13,0,5,4,4,10,4♥,Pass,no,no,no,no,420,0
218221, n AK8763.Q3.Q32.K3 ,14,s T2.AK85.T876.J74 ,8,-110,6,2,3,2,14,2,4,4,3,8,Pass,no,no,no,no,no,-50,2
218222, n AKQ76.432.A54.65 ,13,s 2.Q865.KQ63.QJT2 ,10,120,5,3,3,2,13,1,4,4,4,10,Pass,no,no,no,no,no,120,0
218223, n KQ7542..K6.AQJ83 ,15,s J6.JT.QJ8543.K65 ,8,450,6,0,2,5,15,2,2,6,3,8,4♠,Pass,no,no,no,no,450,0
218224, n Q8653.54.AQ2.KQJ ,14,s 7.AQJT83.J85.643 ,8,140,5,2,3,3,14,1,6,3,3,8,2♥,Pass,no,no,no,no,110,-1
218225, n AJ98654.2.A4.K83 ,12,s Q2.Q7.K9863.A742 ,11,980,7,1,2,3,12,2,2,5,4,11,3N,6♠,Pass,no,no,no,980,0
218226, n AK732.865.AQ.AK2 ,20,s 96.K7.KJT83.QT64 ,9,990,5,3,2,3,20,2,2,5,4,9,4♦,6N,Pass,no,no,no,990,0
218227, n AKQ54.AK643.74.2 ,16,s T.QJ.QJ965.KQ854 ,11,420,5,5,2,1,16,1,2,5,5,11,4♥,Pass,no,no,no,no,420,0
218228, n AQT964.Q75.A76.8 ,12,s KJ.A842.93.Q9432 ,10,420,6,3,3,1,12,2,4,2,5,10,4♠,Pass,no,no,no,no,420,0
218229, n KQJ52.3.J6.AJT53 ,12,s .AQJT752.AT95.82 ,11,140,5,1,2,5,12,0,7,4,2,11,2♥,Pass,no,no,no,no,140,0
218230, n AT765.42.AK53.A8 ,15,s K8.KQ96.QT962.42 ,10,920,5,2,4,2,15,2,4,5,2,10,3♥,6♦,Pass,no,no,no,920,0
218231, n AJT32.KQ5.QJT4.9 ,13,s Q7.T86.52.AKT763 ,9,120,5,3,4,1,13,2,3,2,6,9,2♠,Pass,no,no,no,no,110,0
218232, n J8532.AKQ.J4.Q73 ,13,s A6.T6.KQT983.J42 ,10,-100,5,3,2,3,13,2,2,6,3,10,Pass,no,no,no,no,no,90,5
218233, n QJ9743.4.KT.AK86 ,13,s .9732.AQJ5432.QT ,9,400,6,1,2,4,13,0,4,7,2,9,2♠,5♦,Pass,no,no,no,400,0
218234, n AKT954.AT3.Q62.J ,14,s Q3.875.KT3.AT965 ,9,420,6,3,3,1,14,2,3,3,5,9,4♠,Pass,no,no,no,no,420,0
218235, n AJ9653..AK8.T743 ,12,s 74.KJ43.754.AQ92 ,10,140,6,0,3,4,12,2,4,3,4,10,2♠,Pass,no,no,no,no,140,0
218236, n AT6532.AKQ84.64. ,13,s K.T9532.KQ.K9876 ,11,980,6,5,2,0,13,1,5,2,5,11,4♥,6♥,Pass,no,no,no,980,0
218237, n AKT432.AT5.9.AKJ ,19,s 75.Q8.AKJT6.9763 ,10,920,6,3,1,3,19,2,2,5,4,10,4♣,6♣,Pass,no,no,no,920,0
218238, n QJ963.AT3.A4.K96 ,14,s K5.Q72.KT52.8743 ,8,140,5,3,2,3,14,2,3,4,4,8,2♠,Pass,no,no,no,no,140,0
218239, n QJ983.AQ.QJ6.KQ6 ,17,s A.853.T8753.A753 ,8,110,5,2,3,3,17,1,3,5,4,8,2♦,Pass,no,no,no,no,110,0
218240, n AJT72.A3.43.AQJ3 ,16,s Q4.QJ752.AT52.96 ,9,140,5,2,2,4,16,2,5,4,2,9,2♠,Pass,no,no,no,no,140,0
218241, n AJT743..Q65.AJ93 ,12,s 95.AQ87654.T4.K8 ,9,140,6,0,3,4,12,2,7,2,2,9,2♠,Pass,no,no,no,no,140,0
218242, n Q9853.A72.KJ3.AK ,17,s A2.KJ863.72.J972 ,9,450,5,3,3,2,17,2,5,2,4,9,4♥,Pass,no,no,no,no,450,0
218243, n AQJ43.A6.T986.Q7 ,13,s 97.K9.AQJ4.T9642 ,10,400,5,2,4,2,13,2,2,4,5,10,3N,Pass,no,no,no,no,400,0
218244, n AJT53.A6432.2.K6 ,12,s K8.JT87.JT4.AT92 ,9,450,5,5,1,2,12,2,4,3,4,9,4♥,Pass,no,no,no,no,450,0
218245, n A9864.A.AJ8.T853 ,13,s J2.KJT8642.Q5.Q6 ,9,420,5,1,3,4,13,2,7,2,2,9,4♥,Pass,no,no,no,no,420,0
218246, n AKJ84.Q53.J94.JT ,12,s Q.J872.KQ765.Q52 ,10,-90,5,3,3,2,12,1,4,5,3,10,Pass,no,no,no,no,no,-50,1
218247, n AK8632.KQJ8.93.3 ,13,s J9.T732.QT75.KQ5 ,8,140,6,4,2,1,13,2,4,4,3,8,2♥,Pass,no,no,no,no,140,0
218248, n AK874.63.A.K8543 ,14,s T6.KQT74.QJ96.Q2 ,10,400,5,2,1,5,14,2,5,4,2,10,3N,Pass,no,no,no,no,400,0
218249, n AQJ963.K87.Q6.53 ,12,s T8.A632.KT974.K7 ,10,420,6,3,2,2,12,2,4,5,2,10,4♠,Pass,no,no,no,no,420,0
218250, n AJ975.983.K8.KJ8 ,12,s 3.4.AQ973.Q97643 ,8,400,5,3,2,3,12,1,1,5,6,8,5♣,Pass,no,no,no,no,400,0
218251, n AJT75.AQ32.Q9.K9 ,16,s K3.K875.AJ8743.7 ,11,990,5,4,2,2,16,2,4,6,1,11,3N,6♠,Pass,no,no,no,980,0
218252, n AQ743.6.K86.AJT6 ,14,s J5.KQJ73.A543.92 ,11,140,5,1,3,4,14,2,5,4,2,11,Pass,no,no,no,no,no,120,-1
218253, n QJ862.KJ2.QJ6.K4 ,13,s K9.Q4.K85.Q98653 ,10,140,5,3,3,2,13,2,2,3,6,10,2♠,Pass,no,no,no,no,140,0
218254, n 76543.A976.AQ.Q3 ,12,s KQ.K832.96.KT876 ,11,-100,5,4,2,2,12,2,4,2,5,11,Pass,no,no,no,no,no,120,6
218255, n AK8632.AK8.96.Q4 ,16,s 4.97653.J8742.AK ,8,140,6,3,2,2,16,1,5,5,2,8,2♥,Pass,no,no,no,no,140,0
218256, n AK754.76.J95.AQJ ,15,s 6.T3.AK632.K9432 ,10,400,5,2,3,3,15,1,2,5,5,10,2♥,5♦,Pass,no,no,no,400,0
218257, n KQ8764.K4.Q4.QJT ,13,s T.AT862.KJ876.76 ,8,-90,6,2,2,3,13,1,5,5,2,8,Pass,no,no,no,no,no,90,5
218258, n KQJT94.AT6.863.A ,14,s A2.987.K.K875432 ,10,300,6,3,3,1,14,2,3,1,7,10,4♠,Pass,no,no,no,no,420,3
218259, n QJ842.QJ9.K2.A43 ,13,s .AKT863.JT96.QT9 ,10,300,5,3,2,3,13,0,6,4,3,10,4♥,Pass,no,no,no,no,450,4
218260, n AKJ53.AJ2.6.QJ63 ,16,s 42.K8.AJT875.972 ,8,420,5,3,1,4,16,2,2,6,3,8,4♠,Pass,no,no,no,no,420,0
218261, n KQ8654.5.KQ.AQT9 ,16,s A9.QJT.8752.KJ65 ,11,450,6,1,2,4,16,2,3,4,4,11,4♠,Pass,no,no,no,no,450,0
218262, n AKQ943.AT5.A6.J9 ,18,s 82.7.QJ953.KQ864 ,8,450,6,3,2,2,18,2,1,5,5,8,4♠,Pass,no,no,no,no,450,0
218263, n AJT85.K7.Q32.AJ5 ,15,s 93.AQJT82.KT5.42 ,10,430,5,2,3,3,15,2,6,3,2,10,4♠,Pass,no,no,no,no,420,0
218264, n Q7643.KJT8..AQ94 ,12,s K8.A3.KT754.T762 ,10,400,5,4,0,4,12,2,2,5,4,10,2♠,Pass,no,no,no,no,140,-6
218265, n KJ985.KQ7.Q987.Q ,13,s AQ.942.KT52.JT94 ,10,400,5,3,4,1,13,2,3,4,4,10,3N,Pass,no,no,no,no,400,0
218266, n AQT73.A9.J8.K832 ,14,s 2.KT865.A9753.A6 ,11,420,5,2,2,4,14,1,5,5,2,11,4♥,Pass,no,no,no,no,420,0
218267, n AJT42.T32.A7.K75 ,12,s Q9.K984.J86.AJ82 ,11,460,5,3,2,3,12,2,4,3,4,11,3N,Pass,no,no,no,no,460,0
218268, n QJ965.853.A.AJ82 ,12,s T4.AKJ6.KT6432.7 ,11,420,5,3,1,4,12,2,4,6,1,11,4♥,Pass,no,no,no,no,420,0
218269, n AQ532.A65.K2.J84 ,14,s KJ.J7.A9864.Q965 ,11,120,5,3,2,3,14,2,2,5,4,11,Pass,no,no,no,no,no,120,0
218270, n QT763.QJ.AT742.A ,13,s 8.K987653.K6.K94 ,9,420,5,2,5,1,13,1,7,2,3,9,4♥,Pass,no,no,no,no,420,0
218271, n AKQ8643.72..K986 ,12,s 7.KQ4.T96532.A53 ,9,420,7,2,0,4,12,1,3,6,3,9,4♠,Pass,no,no,no,no,420,0
218272, n AJ632.Q82.KQ8.Q3 ,14,s 7.AT95.A6542.K87 ,11,400,5,3,3,2,14,1,4,5,3,11,3N,Pass,no,no,no,no,400,0
218273, n AKQ52.JT7.72.KQ2 ,15,s 63.KQ6532.5.A875 ,9,300,5,3,2,3,15,2,6,1,4,9,4♥,Pass,no,no,no,no,420,3
218274, n AT973.AKQ82.6.T5 ,13,s 4.6.QJ987.AJ8764 ,8,110,5,5,1,2,13,1,1,5,6,8,2♣,Pass,no,no,no,no,110,0
218275, n QT87653.KQ8..AQ9 ,13,s 94.765.AK5.J8762 ,8,-100,7,3,0,3,13,2,3,3,5,8,2♠,Pass,no,no,no,no,110,5
218276, n AQ964.KQ.83.KJ74 ,15,s T8.AJ965..AQ9632 ,11,1510,5,2,2,4,15,2,5,0,6,11,4♠,7♥,Pass,no,no,no,1510,0
218277, n AJ543.Q84.K75.AQ ,16,s T.AJT5.AJ83.7532 ,10,980,5,3,3,2,16,1,4,4,4,10,4♥,6♥,Pass,no,no,no,980,0
218278, n AKJ632.J984.Q.K9 ,14,s T9.AT3.A763.J852 ,9,420,6,4,1,2,14,2,3,4,4,9,4♠,Pass,no,no,no,no,420,0
218279, n AJT753.AK8..J753 ,13,s Q4.Q97632.JT8.K9 ,8,500,6,3,0,4,13,2,6,3,2,8,4♠,6♠,Pass,no,no,no,980,10
218280, n KQJ742.AQ.3.KT52 ,15,s .J863.AQJ9852.J3 ,9,920,6,2,1,4,15,0,4,7,2,9,3♥,6♦,Pass,no,no,no,920,0
218281, n AQJ983.KQ95.J.T7 ,13,s 4.J632.AKT94.K92 ,11,420,6,4,1,2,13,1,4,5,3,11,4♥,Pass,no,no,no,no,420,0
218282, n J8643.KQ3.AQ4.64 ,12,s AT.72.T7652.KJ75 ,8,110,5,3,3,2,12,2,2,5,4,8,2♦,Pass,no,no,no,no,110,0
218283, n Q9765.A.Q97.AQ76 ,14,s .QJ9652.A632.KJ5 ,11,450,5,1,3,4,14,0,6,4,3,11,4♥,Pass,no,no,no,no,450,0
218284, n AQJ94.J86.Q.QJ43 ,13,s T7.Q54.K5.AT9762 ,9,100,5,3,1,4,13,2,3,2,6,9,Pass,no,no,no,no,no,120,1
218285, n QJ654.KQ85.6.AT9 ,12,s T3.T976.AQ87.K73 ,9,140,5,4,1,3,12,2,4,4,3,9,2♠,Pass,no,no,no,no,140,0
218286, n AT7643.A753.A.QT ,14,s 5.Q9.J76.AKJ9876 ,11,1440,6,4,1,2,14,1,2,3,7,11,4♥,7♣,Pass,no,no,no,1440,0
218287, n AJ973.T.Q2.AKJT2 ,15,s 64.A742.A984.Q97 ,10,420,5,1,2,5,15,2,4,4,3,10,4♠,Pass,no,no,no,no,420,0
218288, n AT754.AJT5.K8.K2 ,15,s 83.Q6.AQT653.T53 ,8,400,5,4,2,2,15,2,2,6,3,8,3N,Pass,no,no,no,no,400,0
218289, n KQ86532.A7.Q74.K ,14,s AJ.T82.K62.JT653 ,9,100,7,2,3,1,14,2,3,3,5,9,4♠,Pass,no,no,no,no,420,8
218290, n A9643.97.AJ.AJ93 ,14,s 85.A8542.KQT865. ,9,450,5,2,2,4,14,2,5,6,0,9,4♥,Pass,no,no,no,no,450,0
218291, n AQJ93.Q.KT6.KJ32 ,16,s 64.943.A94.AT954 ,8,920,5,1,3,4,16,2,3,3,5,8,4♣,6♣,Pass,no,no,no,920,0
218292, n AK762.8.A92.KQT4 ,16,s 85.KQJ76.KJ74.J3 ,11,430,5,1,3,4,16,2,5,4,2,11,3N,Pass,no,no,no,no,430,0
218293, n AKJ42.K3.KQT.K75 ,19,s 73.A96.A976.Q832 ,10,430,5,2,3,3,19,2,3,4,4,10,4♠,Pass,no,no,no,no,420,0
218294, n AQ854.KT2.AT.A86 ,17,s 92.AQ.K97643.J43 ,10,430,5,3,2,3,17,2,2,6,3,10,3N,Pass,no,no,no,no,430,0
218295, n AK8642.32.Q97.A7 ,13,s J9.QJT65.A32.K64 ,11,140,6,2,3,2,13,2,5,3,3,11,3♠,Pass,no,no,no,no,140,0
218296, n AQJ75..8.AKJT974 ,15,s K4.J876.A97432.2 ,8,500,5,0,1,7,15,2,4,6,1,8,4♣,6♣,Pass,no,no,no,920,9
218297, n AT875.KQ4.Q5.K98 ,14,s K.JT93.AT9762.T3 ,8,420,5,3,2,3,14,1,4,6,2,8,4♥,Pass,no,no,no,no,420,0
218298, n AQJT96.KJ.A53.65 ,15,s 5.AT9765.Q6.QJ84 ,9,420,6,2,3,2,15,1,6,2,4,9,4♥,Pass,no,no,no,no,420,0
218299, n KJ732.4.AKQ73.KT ,16,s 85.AKQ9652.8.Q92 ,11,460,5,1,5,2,16,2,7,1,3,11,3N,Pass,no,no,no,no,460,0
218300, n AKJT76.AJ53..874 ,13,s 42.K864.KQ652.J2 ,9,450,6,4,0,3,13,2,4,5,2,9,4♥,Pass,no,no,no,no,450,0
218301, n AKJ754.T.J875.K4 ,12,s 8.Q82.93.AQJ9532 ,9,130,6,1,4,2,12,1,3,2,7,9,2♣,Pass,no,no,no,no,130,0
218302, n A9843.AK84.AK74. ,18,s J.JT96.JT9653.AQ ,9,1510,5,4,4,0,18,1,4,6,2,9,4♠,7♥,Pass,no,no,no,1510,0
218303, n AJ865.KQ987..A53 ,14,s QT.6.AJ8742.J974 ,8,140,5,5,0,3,14,2,1,6,4,8,2♠,Pass,no,no,no,no,110,-1
218304, n AK532.Q85.K.QT74 ,14,s 9.T73.AT852.AJ32 ,9,120,5,3,1,4,14,1,3,5,4,9,Pass,no,no,no,no,no,120,0
218305, n AKJ97.KT.43.JT53 ,12,s .J9732.KJ97.AQ62 ,11,400,5,2,2,4,12,0,5,4,4,11,3N,Pass,no,no,no,no,400,0
218306, n K9752.AT2.A42.Q2 ,13,s J3.7643.K53.AK95 ,11,110,5,3,3,2,13,2,4,3,4,11,2♥,Pass,no,no,no,no,110,0
218307, n QJ753.K53.AK53.5 ,13,s K4.AJ4.87642.Q62 ,10,400,5,3,4,1,13,2,3,5,3,10,2♥,5♦,Pass,no,no,no,400,0
218308, n AQ842.J3.J9.KQJ6 ,14,s 76.KQ8742.AT8.74 ,9,100,5,2,2,4,14,2,6,3,2,9,2♥,Pass,no,no,no,no,110,0
218309, n KQ963.K432.QJT.A ,15,s 8.J976.AK94.Q854 ,10,420,5,4,3,1,15,1,4,4,4,10,4♥,Pass,no,no,no,no,420,0
218310, n AQJ87.Q63.J5.Q93 ,12,s 95.A9.AKT987.754 ,11,100,5,3,2,3,12,2,2,6,3,11,Pass,no,no,no,no,no,120,1
218311, n A87652.K7.A6.KJT ,15,s 9.AQ962.K53.9764 ,9,420,6,2,2,3,15,1,5,3,4,9,4♥,Pass,no,no,no,no,420,0
218312, n AK983.A95.J64.82 ,12,s 4.KQT82.8753.K54 ,8,-100,5,3,3,2,12,1,5,4,3,8,Pass,no,no,no,no,no,120,6
218313, n AQJT6.Q743.K3.43 ,12,s 5.K8652.Q87.AT92 ,9,420,5,4,2,2,12,1,5,3,4,9,4♥,Pass,no,no,no,no,420,0
218314, n AQ762.QJ53.KJ4.T ,13,s T5.T97.AT762.AJ9 ,9,100,5,4,3,1,13,2,3,5,3,9,Pass,no,no,no,no,no,120,1
218315, n QT932.Q5.AK4.Q87 ,13,s J5.KJT8.QJ2.T632 ,8,80,5,2,3,3,13,2,4,3,4,8,Pass,no,no,no,no,no,-50,-4
218316, n AK643.QJ.4.Q9843 ,12,s 7.98762.AQT2.KJ5 ,10,-90,5,2,1,5,12,1,5,4,3,10,2♣,Pass,no,no,no,no,90,5
218317, n AKQT3.Q6.KJ.KQT2 ,20,s 75.T854.AT764.A6 ,8,460,5,2,2,4,20,2,4,5,2,8,3N,Pass,no,no,no,no,460,0
218318, n KQJT5.A43.A.Q542 ,16,s 4.QJ5.Q9764.KJ76 ,9,140,5,3,1,4,16,1,3,5,4,9,2♣,Pass,no,no,no,no,130,0
218319, n AK964.K54.A952.5 ,14,s Q.AT982.K873.432 ,9,450,5,3,4,1,14,1,5,4,3,9,4♥,Pass,no,no,no,no,450,0
218320, n AKT82.AKQ65.8.Q4 ,18,s 74.J874.K75.AJ96 ,9,980,5,5,1,2,18,2,4,3,4,9,2♥,2♠,2N,5♥,Pass,no,450,-11
218321, n AKJT963..AQ96.T8 ,14,s 54.KQT85.KT8.643 ,8,450,7,0,4,2,14,2,5,3,3,8,4♠,Pass,no,no,no,no,450,0
218322, n KQ876.QT..AQ9875 ,13,s 52.AJ87.T8754.K3 ,8,400,5,2,0,6,13,2,4,5,2,8,5♣,Pass,no,no,no,no,400,0
218323, n KJT53.J7.T875.AK ,12,s 94.AT94.AJ432.75 ,9,100,5,2,4,2,12,2,4,5,2,9,Pass,no,no,no,no,no,90,0
218324, n AKT763.K862.5.AJ ,15,s 5.AJT.AQ9863.T86 ,11,420,6,4,1,2,15,1,3,6,3,11,4♠,Pass,no,no,no,no,420,0
218325, n QJ432.AQJ3.Q.KQ6 ,17,s AK.KT976.JT643.8 ,11,450,5,4,1,3,17,2,5,5,1,11,4♥,Pass,no,no,no,no,450,0
218326, n AKJ32.J7.Q84.AJ5 ,16,s 54.AQT9843.AJ65. ,11,1520,5,2,3,3,16,2,7,4,0,11,4♠,7♥,Pass,no,no,no,1510,0
218327, n AKQT9.43.KQJ83.J ,16,s J3.QT.A95.Q97654 ,9,420,5,2,5,1,16,2,2,3,6,9,4♠,Pass,no,no,no,no,420,0
218328, n QJ653.J.KQ52.K43 ,12,s AT.86.T6.AT97652 ,8,100,5,1,4,3,12,2,2,2,7,8,2♣,Pass,no,no,no,no,130,1
218329, n KT973.K53.AT3.AK ,17,s AQ.862.Q62.QT843 ,10,140,5,3,3,2,17,2,3,3,5,10,2♠,Pass,no,no,no,no,140,0
218330, n AKJ54.AJ.93.QJT2 ,16,s Q2.9632.AT8.K953 ,9,420,5,2,2,4,16,2,4,3,4,9,4♠,Pass,no,no,no,no,420,0
218331, n J97432.A43.A6.A6 ,13,s K.KQJ5.JT9875.J7 ,11,-100,6,3,2,2,13,1,4,6,2,11,2♠,Pass,no,no,no,no,110,5
218332, n 97543.AKQ8.KQ.J8 ,15,s 8.62.T6.AKQ97432 ,9,100,5,4,2,2,15,1,2,2,8,9,5♣,Pass,no,no,no,no,400,7
218333, n AQ842.K.KQ8.T974 ,14,s T.T84.A97654.KJ6 ,8,100,5,1,3,4,14,1,3,6,3,8,2♦,Pass,no,no,no,no,130,1
218334, n AK852.6.K9842.KQ ,15,s Q3.Q97.AT76.J984 ,9,450,5,1,5,2,15,2,3,4,4,9,4♠,Pass,no,no,no,no,450,0
218335, n AKQJT3.93.T.A853 ,14,s 97.KJT4.A8542.K6 ,11,980,6,2,1,4,14,2,4,5,2,11,3N,6♠,Pass,no,no,no,980,0
218336, n AQT976.954.9.AK3 ,13,s J4.7.AK7542.T985 ,8,140,6,3,1,3,13,2,1,6,4,8,2♠,Pass,no,no,no,no,140,0
218337, n KQ653.K84.K5.Q97 ,13,s 92.AQJ632.JT9.KT ,11,420,5,3,2,3,13,2,6,3,2,11,4♥,Pass,no,no,no,no,420,0
218338, n AKT974.K.AT.K984 ,17,s 32.A872.KJ942.J3 ,9,990,6,1,2,4,17,2,4,5,2,9,4♣,6N,Pass,no,no,no,990,0
218339, n AQT63.Q73.752.A3 ,12,s 2.A8642.QT83.QT9 ,8,100,5,3,3,2,12,1,5,4,3,8,Pass,no,no,no,no,no,90,0
218340, n AKQJT4.K853.6.42 ,13,s 7.J74.93.AKQJT97 ,11,450,6,4,1,2,13,1,3,2,7,11,4♠,Pass,no,no,no,no,450,0
218341, n QJ9863.J.65.AKQ4 ,13,s 52.AKT98.Q93.T72 ,9,100,6,1,2,4,13,2,5,3,3,9,2♠,Pass,no,no,no,no,110,0
218342, n KT954.KJ98..KQ87 ,12,s Q6.T765.Q943.A65 ,8,300,5,4,0,4,12,2,4,4,3,8,4♥,Pass,no,no,no,no,420,3
218343, n AJ942.T.76.AKQT3 ,14,s 76.AKJ842.K83.42 ,11,450,5,1,2,5,14,2,6,3,2,11,4♥,Pass,no,no,no,no,450,0
218344, n AK984.AT6.QJ43.T ,14,s Q3.92.76.AKJ8532 ,10,110,5,3,4,1,14,2,2,2,7,10,2♠,Pass,no,no,no,no,110,0
218345, n AKT54.AT632.7.K8 ,14,s Q.KQ8754.JT92.97 ,8,450,5,5,1,2,14,1,6,4,2,8,4♥,Pass,no,no,no,no,450,0
218346, n AT762.A97.K86.KT ,14,s 5.QJT54.A543.Q53 ,9,420,5,3,3,2,14,1,5,4,3,9,4♥,Pass,no,no,no,no,420,0
218347, n KQT8643.AT8..A42 ,13,s A7.J.A9432.T8763 ,9,450,7,3,0,3,13,2,1,5,5,9,4♠,Pass,no,no,no,no,450,0
218348, n T9743.AK95.A.J97 ,12,s A2.QJT4.T9862.Q2 ,9,420,5,4,1,3,12,2,4,5,2,9,4♥,Pass,no,no,no,no,420,0
218349, n AQJT986.J9.J6.A2 ,13,s K5.A8642.Q73.J97 ,10,300,7,2,2,2,13,2,5,3,3,10,3N,Pass,no,no,no,no,400,3
218350, n AQT965..AQJ974.A ,17,s 3.AQJT9854.K5.J3 ,11,920,6,0,6,1,17,1,8,2,2,11,3♠,6♦,Pass,no,no,no,920,0
218351, n AKQJ74.KJ43.AJ.J ,20,s 53.AQT8.T763.AT4 ,10,1520,6,4,2,1,20,2,4,4,3,10,4♠,7♥,Pass,no,no,no,1510,0
218352, n AQJ73.85.82.AJ87 ,12,s 2.KJ32.A643.QT93 ,10,400,5,2,2,4,12,1,4,4,4,10,3N,Pass,no,no,no,no,400,0
218353, n AK8532.A85.A.A65 ,19,s J9.K72.K74.KJT83 ,11,1520,6,3,1,3,19,2,3,3,5,11,5♣,7N,Pass,no,no,no,1520,0
218354, n KQT52.Q83.A32.Q8 ,13,s 94.KT976.T98.AK2 ,10,420,5,3,3,2,13,2,5,3,3,10,4♥,Pass,no,no,no,no,420,0
218355, n K76532..AQT9.AQ2 ,15,s J.KJ8.K8743.J976 ,9,400,6,0,4,3,15,1,3,5,4,9,2♥,5♦,Pass,no,no,no,400,0
218356, n Q9754.AJ3.K5.Q97 ,12,s 6.K98654.T6.AK82 ,10,450,5,3,2,3,12,1,6,2,4,10,4♥,Pass,no,no,no,no,450,0
218357, n A98432.3.K43.AQ5 ,13,s K.AQ9765.9876.76 ,9,-100,6,1,3,3,13,1,6,4,2,9,2♦,Pass,no,no,no,no,90,5
218358, n AK854.JT5.K976.K ,14,s T.K2.AJ532.96532 ,8,130,5,3,4,1,14,1,2,5,5,8,2♦,Pass,no,no,no,no,130,0
218359, n AK764.AQ752.J4.T ,14,s T5.8.AQ9752.K764 ,9,430,5,5,2,1,14,2,1,6,4,9,3N,Pass,no,no,no,no,430,0
218360, n AQ6532.KT863.6.A ,13,s 74.A92.T742.KJ76 ,8,450,6,5,1,1,13,2,3,4,4,8,4♥,Pass,no,no,no,no,450,0
218361, n AT764.3.K53.AKT4 ,14,s 8.J952.AQ7.Q9832 ,9,400,5,1,3,4,14,1,4,3,5,9,5♣,Pass,no,no,no,no,400,0
218362, n KT843.K53.86.AQ5 ,12,s Q.AQ9864.T742.K8 ,11,420,5,3,2,3,12,1,6,4,2,11,4♥,Pass,no,no,no,no,420,0
218363, n AT986.Q5.AK94.85 ,13,s 32.AJ632.8652.A2 ,9,140,5,2,4,2,13,2,5,4,2,9,2♥,Pass,no,no,no,no,140,0
218364, n AQ973.76.AQJ.A62 ,17,s J8.K9.KT874.QJT9 ,10,920,5,2,3,3,17,2,2,5,4,10,3♥,6♦,Pass,no,no,no,920,0
218365, n J9532.K9.AQ.Q983 ,12,s Q.AQT86.98742.42 ,8,140,5,2,2,4,12,1,5,5,2,8,2♥,Pass,no,no,no,no,140,0
218366, n KQJ962.A986.AQ.5 ,16,s A7.JT42.864.QJ42 ,8,450,6,4,2,1,16,2,4,3,4,8,4♠,Pass,no,no,no,no,450,0
218367, n AK654.K2.K32.Q53 ,15,s Q8.QJ943.Q87.J86 ,8,140,5,2,3,3,15,2,5,3,3,8,2♥,Pass,no,no,no,no,140,0
218368, n KQJ76.9862.AQ42. ,12,s A5.T53.973.AT753 ,8,120,5,4,4,0,12,2,3,3,5,8,Pass,no,no,no,no,no,120,0
218369, n KQ9753.6.AKT64.8 ,12,s T.AQ8742.Q985.95 ,8,420,6,1,5,1,12,1,6,4,2,8,4♠,Pass,no,no,no,no,420,0
218370, n AQJT875.85.J.AT9 ,12,s 3.KQJ97.T865.QJ6 ,9,420,7,2,1,3,12,1,5,4,3,9,4♠,Pass,no,no,no,no,420,0
218371, n AKT976.K.JT63.KQ ,16,s J.QT942.Q97542.A ,9,130,6,1,4,2,16,1,5,6,1,9,2♦,Pass,no,no,no,no,130,0
218372, n AKQJ43.63.J76.K8 ,14,s 87.Q87542.A3.A96 ,10,430,6,2,3,2,14,2,6,2,3,10,3N,Pass,no,no,no,no,430,0
218373, n AK863.2.QT.KQ652 ,14,s Q4.AQ98.98754.J8 ,9,110,5,1,2,5,14,2,4,5,2,9,2♠,Pass,no,no,no,no,110,0
218374, n KQJ874.KT9.873.A ,13,s A3.AJ643.T.Q9654 ,11,980,6,3,3,1,13,2,5,1,5,11,3N,6♠,Pass,no,no,no,980,0
218375, n JT632..AJ.AK9863 ,13,s K.J8652.KQ98.QT2 ,11,400,5,0,2,6,13,1,5,4,3,11,5♣,Pass,no,no,no,no,400,0
218376, n KQ542.KQ7.A2.A94 ,18,s A.9832.KQT9.T863 ,9,400,5,3,2,3,18,1,4,4,4,9,3N,Pass,no,no,no,no,400,0
218377, n AQJT4.K987.T6.A7 ,14,s 82.JT6.KQJ985.Q2 ,9,140,5,4,2,2,14,2,3,6,2,9,2♥,Pass,no,no,no,no,140,0
218378, n AKQ98.A4.J873.92 ,14,s T2.65.AT654.AT54 ,8,450,5,2,4,2,14,2,2,5,4,8,4♠,Pass,no,no,no,no,450,0
218379, n K9873.K754.AK4.9 ,13,s 2.AJ86.T53.AQT76 ,11,420,5,4,3,1,13,1,4,3,5,11,4♥,Pass,no,no,no,no,420,0
218380, n KQJ64.K3.K.KT643 ,15,s T5.AQ9.AT9853.J7 ,11,420,5,2,1,5,15,2,3,6,2,11,4♠,Pass,no,no,no,no,420,0
218381, n A8754.A8.A84.QT8 ,14,s K3.96543.Q72.A72 ,9,140,5,2,3,3,14,2,5,3,3,9,2♠,Pass,no,no,no,no,110,-1
218382, n AJ932.AT7.Q92.QT ,13,s .K.AJ874.K985432 ,11,400,5,3,3,2,13,0,1,5,7,11,5♣,Pass,no,no,no,no,400,0
218383, n AQT9653..A982.QT ,12,s 72.K9762.KQT543. ,8,800,7,0,4,2,12,2,5,6,0,8,3♠,6♦,Pass,no,no,no,920,3
218384, n QJ642.9.J3.AKJ63 ,12,s K.KJ86432.T542.Q ,9,-90,5,1,2,5,12,1,7,4,1,9,Pass,no,no,no,no,no,-50,1
218385, n JT9654.AQ7.J5.KJ ,12,s A.T2.KQ84.T96432 ,9,100,6,3,2,2,12,1,2,4,6,9,2♣,Pass,no,no,no,no,110,0
218386, n AJT8632.T7.AQ4.A ,15,s 9.A62.J82.QJ9853 ,8,140,7,2,3,1,15,1,3,3,6,8,2♠,Pass,no,no,no,no,140,0
218387, n A87432.AJT5.T.A8 ,13,s J9.K64.K96.JT643 ,8,140,6,4,1,2,13,2,3,3,5,8,2♠,Pass,no,no,no,no,140,0
218388, n KQJ85.5.K92.AKQ2 ,18,s 4.AQ986.AT8543.3 ,10,460,5,1,3,4,18,1,5,6,1,10,3N,Pass,no,no,no,no,460,0
218389, n KJT632.AK42.Q.43 ,13,s 7.87653.J8.AK976 ,8,300,6,4,1,2,13,1,5,2,5,8,4♥,Pass,no,no,no,no,420,3
218390, n Q9642.A6.QJ72.A8 ,13,s K.JT973.A85.Q972 ,10,100,5,2,4,2,13,1,5,3,4,10,Pass,no,no,no,no,no,-50,-4
218391, n AKJ983.J.72.A876 ,13,s T5.KQ743.KT93.32 ,8,110,6,1,2,4,13,2,5,4,2,8,2♠,Pass,no,no,no,no,110,0
218392, n AK643.A42..AQJ93 ,18,s Q2.QJ.QJ743.7642 ,8,420,5,3,0,5,18,2,2,5,4,8,4♠,Pass,no,no,no,no,420,0
218393, n AQT98.QJ3.A742.2 ,13,s K7.K5.J86.J97653 ,8,140,5,3,4,1,13,2,2,3,6,8,2♠,Pass,no,no,no,no,140,0
